institution_key,unitid,institution_name,location,peer_mode,peer_group_vintage,peer_group_source,verified_date,ipeds_hd2024_coverage,herd_fy2024_coverage,herd_inst_id,herd_ncses_inst_id,herd_reported_name,herd_ipeds_unitid,scorecard_2026_06_10_coverage
IPEDS-130943,130943,University of Delaware,"Newark, DE",PILOT,IPEDS_DFR_2025,https://nces.ed.gov/ipeds/dfr/2025/ReportHTML.aspx?unitId=130943,2026-09-13,present,present_exact_unitid,001431,U3284001,University of Delaware,130943,present
IPEDS-164988,164988,Boston University,"Boston, MA",DFR_SUBMITTED,IPEDS_DFR_2025,https://nces.ed.gov/ipeds/dfr/2025/ReportHTML.aspx?unitId=130943,2026-09-13,present,present_exact_unitid,002130,U0450001,Boston University,164988,present
IPEDS-211440,211440,Carnegie Mellon University,"Pittsburgh, PA",DFR_SUBMITTED,IPEDS_DFR_2025,https://nces.ed.gov/ipeds/dfr/2025/ReportHTML.aspx?unitId=130943,2026-09-13,present,present_exact_unitid,003242,U0548001,Carnegie Mellon University,211440,present
IPEDS-201645,201645,Case Western Reserve University,"Cleveland, OH",DFR_SUBMITTED,IPEDS_DFR_2025,https://nces.ed.gov/ipeds/dfr/2025/ReportHTML.aspx?unitId=130943,2026-09-13,present,present_exact_unitid,003024,U0554001,Case Western Reserve University,201645,present
IPEDS-190415,190415,Cornell University,"Ithaca, NY",DFR_SUBMITTED,IPEDS_DFR_2025,https://nces.ed.gov/ipeds/dfr/2025/ReportHTML.aspx?unitId=130943,2026-09-13,present,present_exact_unitid,008779,U0852001,Cornell University,190415,present
IPEDS-131496,131496,Georgetown University,"Washington, DC",DFR_SUBMITTED,IPEDS_DFR_2025,https://nces.ed.gov/ipeds/dfr/2025/ReportHTML.aspx?unitId=130943,2026-09-13,present,present_exact_unitid,001445,U1197001,Georgetown University,131496,present
IPEDS-139755,139755,Georgia Institute of Technology-Main Campus,"Atlanta, GA",DFR_SUBMITTED,IPEDS_DFR_2025,https://nces.ed.gov/ipeds/dfr/2025/ReportHTML.aspx?unitId=130943,2026-09-13,present,present_exact_unitid,008723,U1201001,Georgia Institute of Technology,139755,present
IPEDS-151351,151351,Indiana University-Bloomington,"Bloomington, IN",DFR_SUBMITTED,IPEDS_DFR_2025,https://nces.ed.gov/ipeds/dfr/2025/ReportHTML.aspx?unitId=130943,2026-09-13,present,present_exact_unitid,001809,U1425002,"Indiana University, Bloomington",151351,present
IPEDS-153603,153603,Iowa State University,"Ames, IA",DFR_SUBMITTED,IPEDS_DFR_2025,https://nces.ed.gov/ipeds/dfr/2025/ReportHTML.aspx?unitId=130943,2026-09-13,present,present_exact_unitid,001869,U1516001,Iowa State University,153603,present
IPEDS-171100,171100,Michigan State University,"East Lansing, MI",DFR_SUBMITTED,IPEDS_DFR_2025,https://nces.ed.gov/ipeds/dfr/2025/ReportHTML.aspx?unitId=130943,2026-09-13,present,present_exact_unitid,002290,U1901001,Michigan State University,171100,present
IPEDS-199193,199193,North Carolina State University at Raleigh,"Raleigh, NC",DFR_SUBMITTED,IPEDS_DFR_2025,https://nces.ed.gov/ipeds/dfr/2025/ReportHTML.aspx?unitId=130943,2026-09-13,present,present_exact_unitid,002972,U2279001,North Carolina State University,199193,present
IPEDS-167358,167358,Northeastern University,"Boston, MA",DFR_SUBMITTED,IPEDS_DFR_2025,https://nces.ed.gov/ipeds/dfr/2025/ReportHTML.aspx?unitId=130943,2026-09-13,present,present_exact_unitid,002199,U2320001,Northeastern University,167358,present
IPEDS-147767,147767,Northwestern University,"Evanston, IL",DFR_SUBMITTED,IPEDS_DFR_2025,https://nces.ed.gov/ipeds/dfr/2025/ReportHTML.aspx?unitId=130943,2026-09-13,present,present_exact_unitid,001739,U2352001,Northwestern University,147767,present
IPEDS-204796,204796,Ohio State University-Main Campus,"Columbus, OH",DFR_SUBMITTED,IPEDS_DFR_2025,https://nces.ed.gov/ipeds/dfr/2025/ReportHTML.aspx?unitId=130943,2026-09-13,present,conditional_boundary_match,008802,U2388001,"Ohio State University, The",,present
IPEDS-214777,214777,Pennsylvania State University-Main Campus,"University Park, PA",DFR_SUBMITTED,IPEDS_DFR_2025,https://nces.ed.gov/ipeds/dfr/2025/ReportHTML.aspx?unitId=130943,2026-09-13,present,present_exact_unitid,003329,U2498024,"Pennsylvania State University, The, University Park and Hershey Medical Center",214777,present
IPEDS-243780,243780,Purdue University-Main Campus,"West Lafayette, IN",DFR_SUBMITTED,IPEDS_DFR_2025,https://nces.ed.gov/ipeds/dfr/2025/ReportHTML.aspx?unitId=130943,2026-09-13,present,present_exact_unitid,001825,U2590004,"Purdue University, West Lafayette",243780,present
IPEDS-186380,186380,Rutgers University-New Brunswick,"New Brunswick, NJ",DFR_SUBMITTED,IPEDS_DFR_2025,https://nces.ed.gov/ipeds/dfr/2025/ReportHTML.aspx?unitId=130943,2026-09-13,present,present_exact_unitid,006964,U2684004,"Rutgers, The State University of New Jersey, New Brunswick",186380,present
IPEDS-196097,196097,Stony Brook University,"Stony Brook, NY",DFR_SUBMITTED,IPEDS_DFR_2025,https://nces.ed.gov/ipeds/dfr/2025/ReportHTML.aspx?unitId=130943,2026-09-13,present,present_exact_unitid,009555,U3056001,"State University of New York, Stony Brook University",196097,present
IPEDS-228723,228723,Texas A & M University-College Station,"College Station, TX",DFR_SUBMITTED,IPEDS_DFR_2025,https://nces.ed.gov/ipeds/dfr/2025/ReportHTML.aspx?unitId=130943,2026-09-13,present,conditional_boundary_match,003632,U4774001,"Texas A&M University, College Station and Health Science Center",,present
IPEDS-104179,104179,University of Arizona,"Tucson, AZ",DFR_SUBMITTED,IPEDS_DFR_2025,https://nces.ed.gov/ipeds/dfr/2025/ReportHTML.aspx?unitId=130943,2026-09-13,present,present_exact_unitid,001083,U3256001,"University of Arizona, The",104179,present
IPEDS-129020,129020,University of Connecticut,"Storrs, CT",DFR_SUBMITTED,IPEDS_DFR_2025,https://nces.ed.gov/ipeds/dfr/2025/ReportHTML.aspx?unitId=130943,2026-09-13,present,conditional_boundary_match,008718,U3280001,University of Connecticut,,present
IPEDS-145637,145637,University of Illinois Urbana-Champaign,"Champaign, IL",DFR_SUBMITTED,IPEDS_DFR_2025,https://nces.ed.gov/ipeds/dfr/2025/ReportHTML.aspx?unitId=130943,2026-09-13,present,present_exact_unitid,001775,U3310001,University of Illinois at Urbana-Champaign,145637,present
IPEDS-163286,163286,University of Maryland-College Park,"College Park, MD",DFR_SUBMITTED,IPEDS_DFR_2025,https://nces.ed.gov/ipeds/dfr/2025/ReportHTML.aspx?unitId=130943,2026-09-13,present,conditional_boundary_match,102092,U4758001,University of Maryland,,present
IPEDS-166629,166629,University of Massachusetts-Amherst,"Amherst, MA",DFR_SUBMITTED,IPEDS_DFR_2025,https://nces.ed.gov/ipeds/dfr/2025/ReportHTML.aspx?unitId=130943,2026-09-13,present,present_exact_unitid,002221,U3336001,University of Massachusetts Amherst,166629,present
IPEDS-170976,170976,University of Michigan-Ann Arbor,"Ann Arbor, MI",DFR_SUBMITTED,IPEDS_DFR_2025,https://nces.ed.gov/ipeds/dfr/2025/ReportHTML.aspx?unitId=130943,2026-09-13,present,present_exact_unitid,002325,U3345002,"University of Michigan, Ann Arbor",170976,present
IPEDS-174066,174066,University of Minnesota-Twin Cities,"Minneapolis, MN",DFR_SUBMITTED,IPEDS_DFR_2025,https://nces.ed.gov/ipeds/dfr/2025/ReportHTML.aspx?unitId=130943,2026-09-13,present,present_exact_unitid,003969,U3346006,"University of Minnesota, Twin Cities",174066,present
IPEDS-199120,199120,University of North Carolina at Chapel Hill,"Chapel Hill, NC",DFR_SUBMITTED,IPEDS_DFR_2025,https://nces.ed.gov/ipeds/dfr/2025/ReportHTML.aspx?unitId=130943,2026-09-13,present,present_exact_unitid,002974,U3369001,"University of North Carolina at Chapel Hill, The",199120,present
IPEDS-215293,215293,University of Pittsburgh-Pittsburgh Campus,"Pittsburgh, PA",DFR_SUBMITTED,IPEDS_DFR_2025,https://nces.ed.gov/ipeds/dfr/2025/ReportHTML.aspx?unitId=130943,2026-09-13,present,present_exact_unitid,008815,U3386006,"University of Pittsburgh, Pittsburgh",215293,present
IPEDS-230764,230764,University of Utah,"Salt Lake City, UT",DFR_SUBMITTED,IPEDS_DFR_2025,https://nces.ed.gov/ipeds/dfr/2025/ReportHTML.aspx?unitId=130943,2026-09-13,present,present_exact_unitid,003675,U3448001,"University of Utah, The",230764,present
IPEDS-234076,234076,University of Virginia-Main Campus,"Charlottesville, VA",DFR_SUBMITTED,IPEDS_DFR_2025,https://nces.ed.gov/ipeds/dfr/2025/ReportHTML.aspx?unitId=130943,2026-09-13,present,present_exact_unitid,330007,U3450002,"University of Virginia, Charlottesville",234076,present
IPEDS-233921,233921,Virginia Polytechnic Institute and State University,"Blacksburg, VA",DFR_SUBMITTED,IPEDS_DFR_2025,https://nces.ed.gov/ipeds/dfr/2025/ReportHTML.aspx?unitId=130943,2026-09-13,present,present_exact_unitid,003754,U3525001,Virginia Polytechnic Institute and State University,233921,present
