source_id,source,current_ud_coverage,join_key,boundary_assessment,prototype_decision,reason,official_url,verified_date
IPEDS_DFR_PEERS,IPEDS Data Feedback Report 2025,confirmed,UNITID,CORE with DFR_SUBMITTED peer provenance,include_identity_page,Thirty institution comparison group explicitly described as chosen by University of Delaware,https://nces.ed.gov/ipeds/dfr/2025/ReportHTML.aspx?unitId=130943,2026-09-13
IPEDS_HD_IC,IPEDS directory and institutional characteristics,confirmed,UNITID,CORE,include_ipeds_page,Primary institution record and key identifiers verified in HD2024 at UNITID 130943,https://nces.ed.gov/ipeds/datacenter/data/HD2024.zip,2026-09-13
IPEDS_ENROLLMENT,IPEDS fall and 12-month enrollment,confirmed,UNITID,CORE,include_ipeds_page,Fall 2023 browser report and EF2023A row locators verify enrollment at UNITID 130943,https://nces.ed.gov/ipeds/reported-data/html/130943?surveyNumber=15&viewMode=print&year=2023,2026-09-13
NCSES_HERD,NCSES Higher Education Research and Development Survey FY2024,confirmed,UNITID plus NCSES_INST_ID,CORE for Delaware,include_research_page,Exact FY2024 row maps UNITID 130943 to U3284001; med_sch_flag is F,https://ncses.nsf.gov/surveys/higher-education-research-development/2024,2026-09-13
CARNEGIE_2025,Carnegie Classifications,confirmed,UNITID,Display metadata only,include_classifications_page,"Official UNITID 130943 record supplies 2025 institutional, research, and access-and-earnings classifications; labels remain display metadata.",https://carnegieclassifications.acenet.edu/institution/university-of-delaware/,2026-09-30
NCSES_GSS,Survey of Graduate Students and Postdoctorates in Science and Engineering,confirmed,NCSES institution and UNITID crosswalk,CORE,include_gss_page,"Official profile workbook supplies Fall 2024 enrollment, support, postdoc, and ranking tables.",https://ncsesdata.nsf.gov/profiles/site?method=view&tin=U3284001,2026-09-30
NCSES_SED,Survey of Earned Doctorates,confirmed,NCSES institution,CORE,include_doctorates_page,"Official profile workbook supplies academic year 2025 research-doctorate totals, fields, trends, and ranking.",https://ncsesdata.nsf.gov/profiles/site?method=view&tin=U3284001,2026-09-30
NCSES_FACILITIES,Survey of Science and Engineering Research Facilities,confirmed,NCSES institution,CORE,include_facilities_page,"Official profile workbook supplies FY2023 biennial research-space totals, fields, trends, and ranking.",https://ncsesdata.nsf.gov/profiles/site?method=view&tin=U3284001,2026-09-30
SCORECARD_INSTITUTION,College Scorecard institution data,confirmed,UNITID and OPEID,CORE,include_scorecard_page,2024 institution fields cover Delaware and all 30 submitted DFR peers; focal outcomes retain their 2020 file year,https://collegescorecard.ed.gov/school/?130943-University-of-Delaware,2026-09-29
SCORECARD_FIELD,College Scorecard field-of-study outcomes,unverified_current_coverage,OPEID6 plus CIP4 plus credential,CORE with pooled OPEID caveat,conditional_defer,API rate limit prevented a clean field-level coverage audit; suppression and pooled-OPEID behavior must be measured first,https://collegescorecard.ed.gov/files/FieldOfStudyDataDocumentation.pdf,2026-09-13
NSF_AWARDS,NSF Awards,confirmed,UEI,CORE for exact recipient UEI,include_nsf_page,Exact-UEI snapshot returned 2527 historical records and 249 active records; counts describe API coverage and current status,https://api.nsf.gov/services/v1/awards.json?ueiNumber=T72NHKM259N3,2026-09-29
NIH_REPORTER,NIH RePORTER,confirmed,NIH ORG_IPF_CODE plus UEI plus DUNS,CORE for exact organization,include_nih_page,Exact-name FY2022-FY2026 query returned org IPF 2076701 UEI T72NHKM259N3 and DUNS 059007500 on all retained records,https://api.reporter.nih.gov/v2/projects/search,2026-09-30
USASPENDING,USAspending prime awards and transactions,confirmed,UEI,CORE when direct recipient UEI is used,include_usaspending_page,Exact recipient record and FY2022-FY2026 transaction aggregates use UEI T72NHKM259N3; obligations award records outlays and subawards remain separate grains,https://www.usaspending.gov/recipient/88f4772d-e0bd-42e6-ed20-c3144d3bace8-R/latest,2026-09-30
OPENALEX,OpenAlex research graph,confirmed,ROR to OpenAlex institution ID,Exact institution record with child organizations excluded,include_openalex_page,Exact ROR lookup returns I86501945; the page excludes six ROR children and one related organization pending reviewed rollup rules,https://api.openalex.org/institutions/I86501945,2026-09-30
CLINICALTRIALS,ClinicalTrials.gov,confirmed_name_coverage,Sponsor and collaborator names,String-matched CORE only,include_trials_page,Sponsor query returned 181 records; 178 retained after exact normalized lead-sponsor or collaborator name matching.,https://clinicaltrials.gov/api/v2/studies?query.spons=University%20of%20Delaware&pageSize=1&countTotal=true,2026-09-30
AACT,AACT ClinicalTrials relational files,confirmed_underlying_coverage,NCT plus sponsor strings,String-matched CORE only,conditional_defer,Same trial universe as ClinicalTrials.gov; download-account requirement and source-specific terms must be handled,https://aact.ctti-clinicaltrials.org/,2026-09-13
FEDERAL_AUDIT_CLEARINGHOUSE,Federal Audit Clearinghouse,confirmed_external_evidence,UEI or EIN,CORE,conditional_defer,University publishes a current single-audit report but FAC API access requires a Data.gov key and was not queried in this pass,https://www.fac.gov/api/,2026-09-13
IRS_990,IRS Form 990 filings,confirmed,EIN,Legal entity rather than analytical campus,conditional_defer,IRS filing verifies University of Delaware EIN 51-6000297; legal-entity boundary must remain explicit,https://apps.irs.gov/pub/epostcard/cor/516000297_202006_990_2021052518186864.pdf,2026-09-13
ED_DAPIP,DAPIP accreditation,probable,Institution or site ID plus reviewed OPEID bridge,Site and program boundaries,conditional_defer,Official search is public but current institution record and join keys were not extracted,https://ope.ed.gov/dapip/,2026-09-13
ED_EADA,EADA athletics,probable,UNITID expected but unverified in current file,CORE athletics program,conditional_defer,Annual data are public but the current file schema and Delaware row were not retrieved,https://ope.ed.gov/Athletics/public/html/home/home.html,2026-09-13
PATENTSVIEW,PatentsView and USPTO patent data,probable,Reviewed assignee names or disambiguated assignee ID,Conditional on assignee review,conditional_defer,Public patent samples show two name variants but official PatentsView access and entity confirmation remain unresolved,https://www.uspto.gov/ip-policy/economic-research/patentsview,2026-09-13
FFRDC_MASTER,NCSES Master Government List of FFRDCs,confirmed_absent,Administrator name,Not applicable to Delaware,use_boundary_gate,The February 2026 complete list contains no Delaware entry or University of Delaware administrator,https://ncses.nsf.gov/resource/master-gov-lists-ffrdc,2026-09-13
