institution_key,unitid,variable,prior_vintage,prior_value,current_vintage,current_value,absolute_change
IPEDS-130943,130943,totalEnrollment,IPEDS_EF2022A,24039,IPEDS_EF2023A,24221,182
IPEDS-130943,130943,undergraduate,IPEDS_EF2022A,19482,IPEDS_EF2023A,19772,290
IPEDS-130943,130943,graduate,IPEDS_EF2022A,4557,IPEDS_EF2023A,4449,-108
IPEDS-130943,130943,fullTime,IPEDS_EF2022A,21672,IPEDS_EF2023A,21680,8
IPEDS-130943,130943,partTime,IPEDS_EF2022A,2367,IPEDS_EF2023A,2541,174
IPEDS-164988,164988,totalEnrollment,IPEDS_EF2022A,36714,IPEDS_EF2023A,36624,-90
IPEDS-164988,164988,undergraduate,IPEDS_EF2022A,18459,IPEDS_EF2023A,18656,197
IPEDS-164988,164988,graduate,IPEDS_EF2022A,18255,IPEDS_EF2023A,17968,-287
IPEDS-164988,164988,fullTime,IPEDS_EF2022A,29251,IPEDS_EF2023A,29104,-147
IPEDS-164988,164988,partTime,IPEDS_EF2022A,7463,IPEDS_EF2023A,7520,57
IPEDS-211440,211440,totalEnrollment,IPEDS_EF2022A,16002,IPEDS_EF2023A,15596,-406
IPEDS-211440,211440,undergraduate,IPEDS_EF2022A,7059,IPEDS_EF2023A,7289,230
IPEDS-211440,211440,graduate,IPEDS_EF2022A,8943,IPEDS_EF2023A,8307,-636
IPEDS-211440,211440,fullTime,IPEDS_EF2022A,15006,IPEDS_EF2023A,14517,-489
IPEDS-211440,211440,partTime,IPEDS_EF2022A,996,IPEDS_EF2023A,1079,83
IPEDS-201645,201645,totalEnrollment,IPEDS_EF2022A,12201,IPEDS_EF2023A,12266,65
IPEDS-201645,201645,undergraduate,IPEDS_EF2022A,6017,IPEDS_EF2023A,6186,169
IPEDS-201645,201645,graduate,IPEDS_EF2022A,6184,IPEDS_EF2023A,6080,-104
IPEDS-201645,201645,fullTime,IPEDS_EF2022A,11080,IPEDS_EF2023A,11143,63
IPEDS-201645,201645,partTime,IPEDS_EF2022A,1121,IPEDS_EF2023A,1123,2
IPEDS-190415,190415,totalEnrollment,IPEDS_EF2022A,25898,IPEDS_EF2023A,26264,366
IPEDS-190415,190415,undergraduate,IPEDS_EF2022A,15735,IPEDS_EF2023A,16051,316
IPEDS-190415,190415,graduate,IPEDS_EF2022A,10163,IPEDS_EF2023A,10213,50
IPEDS-190415,190415,fullTime,IPEDS_EF2022A,25098,IPEDS_EF2023A,25334,236
IPEDS-190415,190415,partTime,IPEDS_EF2022A,800,IPEDS_EF2023A,930,130
IPEDS-131496,131496,totalEnrollment,IPEDS_EF2022A,20984,IPEDS_EF2023A,20392,-592
IPEDS-131496,131496,undergraduate,IPEDS_EF2022A,7900,IPEDS_EF2023A,7968,68
IPEDS-131496,131496,graduate,IPEDS_EF2022A,13084,IPEDS_EF2023A,12424,-660
IPEDS-131496,131496,fullTime,IPEDS_EF2022A,15462,IPEDS_EF2023A,15453,-9
IPEDS-131496,131496,partTime,IPEDS_EF2022A,5522,IPEDS_EF2023A,4939,-583
IPEDS-139755,139755,totalEnrollment,IPEDS_EF2022A,45296,IPEDS_EF2023A,47946,2650
IPEDS-139755,139755,undergraduate,IPEDS_EF2022A,18415,IPEDS_EF2023A,19505,1090
IPEDS-139755,139755,graduate,IPEDS_EF2022A,26881,IPEDS_EF2023A,28441,1560
IPEDS-139755,139755,fullTime,IPEDS_EF2022A,23912,IPEDS_EF2023A,25178,1266
IPEDS-139755,139755,partTime,IPEDS_EF2022A,21384,IPEDS_EF2023A,22768,1384
IPEDS-151351,151351,totalEnrollment,IPEDS_EF2022A,47005,IPEDS_EF2023A,47527,522
IPEDS-151351,151351,undergraduate,IPEDS_EF2022A,35660,IPEDS_EF2023A,36833,1173
IPEDS-151351,151351,graduate,IPEDS_EF2022A,11345,IPEDS_EF2023A,10694,-651
IPEDS-151351,151351,fullTime,IPEDS_EF2022A,41923,IPEDS_EF2023A,42650,727
IPEDS-151351,151351,partTime,IPEDS_EF2022A,5082,IPEDS_EF2023A,4877,-205
IPEDS-153603,153603,totalEnrollment,IPEDS_EF2022A,29969,IPEDS_EF2023A,30177,208
IPEDS-153603,153603,undergraduate,IPEDS_EF2022A,25241,IPEDS_EF2023A,25332,91
IPEDS-153603,153603,graduate,IPEDS_EF2022A,4728,IPEDS_EF2023A,4845,117
IPEDS-153603,153603,fullTime,IPEDS_EF2022A,27021,IPEDS_EF2023A,27309,288
IPEDS-153603,153603,partTime,IPEDS_EF2022A,2948,IPEDS_EF2023A,2868,-80
IPEDS-171100,171100,totalEnrollment,IPEDS_EF2022A,50023,IPEDS_EF2023A,51316,1293
IPEDS-171100,171100,undergraduate,IPEDS_EF2022A,39201,IPEDS_EF2023A,40483,1282
IPEDS-171100,171100,graduate,IPEDS_EF2022A,10822,IPEDS_EF2023A,10833,11
IPEDS-171100,171100,fullTime,IPEDS_EF2022A,44292,IPEDS_EF2023A,45915,1623
IPEDS-171100,171100,partTime,IPEDS_EF2022A,5731,IPEDS_EF2023A,5401,-330
IPEDS-199193,199193,totalEnrollment,IPEDS_EF2022A,36700,IPEDS_EF2023A,37323,623
IPEDS-199193,199193,undergraduate,IPEDS_EF2022A,26254,IPEDS_EF2023A,27323,1069
IPEDS-199193,199193,graduate,IPEDS_EF2022A,10446,IPEDS_EF2023A,10000,-446
IPEDS-199193,199193,fullTime,IPEDS_EF2022A,31047,IPEDS_EF2023A,31842,795
IPEDS-199193,199193,partTime,IPEDS_EF2022A,5653,IPEDS_EF2023A,5481,-172
IPEDS-167358,167358,totalEnrollment,IPEDS_EF2022A,30013,IPEDS_EF2023A,31159,1146
IPEDS-167358,167358,undergraduate,IPEDS_EF2022A,16302,IPEDS_EF2023A,15891,-411
IPEDS-167358,167358,graduate,IPEDS_EF2022A,13711,IPEDS_EF2023A,15268,1557
IPEDS-167358,167358,fullTime,IPEDS_EF2022A,28848,IPEDS_EF2023A,29738,890
IPEDS-167358,167358,partTime,IPEDS_EF2022A,1165,IPEDS_EF2023A,1421,256
IPEDS-147767,147767,totalEnrollment,IPEDS_EF2022A,23161,IPEDS_EF2023A,23203,42
IPEDS-147767,147767,undergraduate,IPEDS_EF2022A,8993,IPEDS_EF2023A,9157,164
IPEDS-147767,147767,graduate,IPEDS_EF2022A,14168,IPEDS_EF2023A,14046,-122
IPEDS-147767,147767,fullTime,IPEDS_EF2022A,19264,IPEDS_EF2023A,19451,187
IPEDS-147767,147767,partTime,IPEDS_EF2022A,3897,IPEDS_EF2023A,3752,-145
IPEDS-204796,204796,totalEnrollment,IPEDS_EF2022A,60540,IPEDS_EF2023A,60046,-494
IPEDS-204796,204796,undergraduate,IPEDS_EF2022A,46123,IPEDS_EF2023A,45728,-395
IPEDS-204796,204796,graduate,IPEDS_EF2022A,14417,IPEDS_EF2023A,14318,-99
IPEDS-204796,204796,fullTime,IPEDS_EF2022A,52402,IPEDS_EF2023A,51944,-458
IPEDS-204796,204796,partTime,IPEDS_EF2022A,8138,IPEDS_EF2023A,8102,-36
IPEDS-214777,214777,totalEnrollment,IPEDS_EF2022A,50028,IPEDS_EF2023A,50399,371
IPEDS-214777,214777,undergraduate,IPEDS_EF2022A,41745,IPEDS_EF2023A,42223,478
IPEDS-214777,214777,graduate,IPEDS_EF2022A,8283,IPEDS_EF2023A,8176,-107
IPEDS-214777,214777,fullTime,IPEDS_EF2022A,48270,IPEDS_EF2023A,48720,450
IPEDS-214777,214777,partTime,IPEDS_EF2022A,1758,IPEDS_EF2023A,1679,-79
IPEDS-243780,243780,totalEnrollment,IPEDS_EF2022A,51528,IPEDS_EF2023A,52905,1377
IPEDS-243780,243780,undergraduate,IPEDS_EF2022A,38593,IPEDS_EF2023A,39864,1271
IPEDS-243780,243780,graduate,IPEDS_EF2022A,12935,IPEDS_EF2023A,13041,106
IPEDS-243780,243780,fullTime,IPEDS_EF2022A,43353,IPEDS_EF2023A,44479,1126
IPEDS-243780,243780,partTime,IPEDS_EF2022A,8175,IPEDS_EF2023A,8426,251
IPEDS-186380,186380,totalEnrollment,IPEDS_EF2022A,50637,IPEDS_EF2023A,50617,-20
IPEDS-186380,186380,undergraduate,IPEDS_EF2022A,36344,IPEDS_EF2023A,36588,244
IPEDS-186380,186380,graduate,IPEDS_EF2022A,14293,IPEDS_EF2023A,14029,-264
IPEDS-186380,186380,fullTime,IPEDS_EF2022A,43363,IPEDS_EF2023A,43738,375
IPEDS-186380,186380,partTime,IPEDS_EF2022A,7274,IPEDS_EF2023A,6879,-395
IPEDS-196097,196097,totalEnrollment,IPEDS_EF2022A,25710,IPEDS_EF2023A,25865,155
IPEDS-196097,196097,undergraduate,IPEDS_EF2022A,17509,IPEDS_EF2023A,17549,40
IPEDS-196097,196097,graduate,IPEDS_EF2022A,8201,IPEDS_EF2023A,8316,115
IPEDS-196097,196097,fullTime,IPEDS_EF2022A,21993,IPEDS_EF2023A,22210,217
IPEDS-196097,196097,partTime,IPEDS_EF2022A,3717,IPEDS_EF2023A,3655,-62
IPEDS-228723,228723,totalEnrollment,IPEDS_EF2022A,74014,IPEDS_EF2023A,76633,2619
IPEDS-228723,228723,undergraduate,IPEDS_EF2022A,57512,IPEDS_EF2023A,59933,2421
IPEDS-228723,228723,graduate,IPEDS_EF2022A,16502,IPEDS_EF2023A,16700,198
IPEDS-228723,228723,fullTime,IPEDS_EF2022A,63842,IPEDS_EF2023A,65547,1705
IPEDS-228723,228723,partTime,IPEDS_EF2022A,10172,IPEDS_EF2023A,11086,914
IPEDS-104179,104179,totalEnrollment,IPEDS_EF2022A,49403,IPEDS_EF2023A,53001,3598
IPEDS-104179,104179,undergraduate,IPEDS_EF2022A,38751,IPEDS_EF2023A,41899,3148
IPEDS-104179,104179,graduate,IPEDS_EF2022A,10652,IPEDS_EF2023A,11102,450
IPEDS-104179,104179,fullTime,IPEDS_EF2022A,36323,IPEDS_EF2023A,41526,5203
IPEDS-104179,104179,partTime,IPEDS_EF2022A,13080,IPEDS_EF2023A,11475,-1605
IPEDS-129020,129020,totalEnrollment,IPEDS_EF2022A,27003,IPEDS_EF2023A,27364,361
IPEDS-129020,129020,undergraduate,IPEDS_EF2022A,18983,IPEDS_EF2023A,19388,405
IPEDS-129020,129020,graduate,IPEDS_EF2022A,8020,IPEDS_EF2023A,7976,-44
IPEDS-129020,129020,fullTime,IPEDS_EF2022A,23869,IPEDS_EF2023A,24327,458
IPEDS-129020,129020,partTime,IPEDS_EF2022A,3134,IPEDS_EF2023A,3037,-97
IPEDS-145637,145637,totalEnrollment,IPEDS_EF2022A,56916,IPEDS_EF2023A,56563,-353
IPEDS-145637,145637,undergraduate,IPEDS_EF2022A,35120,IPEDS_EF2023A,35564,444
IPEDS-145637,145637,graduate,IPEDS_EF2022A,21796,IPEDS_EF2023A,20999,-797
IPEDS-145637,145637,fullTime,IPEDS_EF2022A,47046,IPEDS_EF2023A,47118,72
IPEDS-145637,145637,partTime,IPEDS_EF2022A,9870,IPEDS_EF2023A,9445,-425
IPEDS-163286,163286,totalEnrollment,IPEDS_EF2022A,40792,IPEDS_EF2023A,40813,21
IPEDS-163286,163286,undergraduate,IPEDS_EF2022A,30353,IPEDS_EF2023A,30608,255
IPEDS-163286,163286,graduate,IPEDS_EF2022A,10439,IPEDS_EF2023A,10205,-234
IPEDS-163286,163286,fullTime,IPEDS_EF2022A,36165,IPEDS_EF2023A,36362,197
IPEDS-163286,163286,partTime,IPEDS_EF2022A,4627,IPEDS_EF2023A,4451,-176
IPEDS-166629,166629,totalEnrollment,IPEDS_EF2022A,32229,IPEDS_EF2023A,31810,-419
IPEDS-166629,166629,undergraduate,IPEDS_EF2022A,24391,IPEDS_EF2023A,23936,-455
IPEDS-166629,166629,graduate,IPEDS_EF2022A,7838,IPEDS_EF2023A,7874,36
IPEDS-166629,166629,fullTime,IPEDS_EF2022A,25768,IPEDS_EF2023A,25662,-106
IPEDS-166629,166629,partTime,IPEDS_EF2022A,6461,IPEDS_EF2023A,6148,-313
IPEDS-170976,170976,totalEnrollment,IPEDS_EF2022A,51225,IPEDS_EF2023A,52065,840
IPEDS-170976,170976,undergraduate,IPEDS_EF2022A,32695,IPEDS_EF2023A,33730,1035
IPEDS-170976,170976,graduate,IPEDS_EF2022A,18530,IPEDS_EF2023A,18335,-195
IPEDS-170976,170976,fullTime,IPEDS_EF2022A,47345,IPEDS_EF2023A,48167,822
IPEDS-170976,170976,partTime,IPEDS_EF2022A,3880,IPEDS_EF2023A,3898,18
IPEDS-174066,174066,totalEnrollment,IPEDS_EF2022A,54955,IPEDS_EF2023A,54890,-65
IPEDS-174066,174066,undergraduate,IPEDS_EF2022A,39248,IPEDS_EF2023A,39556,308
IPEDS-174066,174066,graduate,IPEDS_EF2022A,15707,IPEDS_EF2023A,15334,-373
IPEDS-174066,174066,fullTime,IPEDS_EF2022A,38361,IPEDS_EF2023A,38441,80
IPEDS-174066,174066,partTime,IPEDS_EF2022A,16594,IPEDS_EF2023A,16449,-145
IPEDS-199120,199120,totalEnrollment,IPEDS_EF2022A,31705,IPEDS_EF2023A,32234,529
IPEDS-199120,199120,undergraduate,IPEDS_EF2022A,20029,IPEDS_EF2023A,20681,652
IPEDS-199120,199120,graduate,IPEDS_EF2022A,11676,IPEDS_EF2023A,11553,-123
IPEDS-199120,199120,fullTime,IPEDS_EF2022A,28484,IPEDS_EF2023A,29668,1184
IPEDS-199120,199120,partTime,IPEDS_EF2022A,3221,IPEDS_EF2023A,2566,-655
IPEDS-215293,215293,totalEnrollment,IPEDS_EF2022A,33767,IPEDS_EF2023A,34525,758
IPEDS-215293,215293,undergraduate,IPEDS_EF2022A,24420,IPEDS_EF2023A,25171,751
IPEDS-215293,215293,graduate,IPEDS_EF2022A,9347,IPEDS_EF2023A,9354,7
IPEDS-215293,215293,fullTime,IPEDS_EF2022A,26630,IPEDS_EF2023A,27001,371
IPEDS-215293,215293,partTime,IPEDS_EF2022A,7137,IPEDS_EF2023A,7524,387
IPEDS-230764,230764,totalEnrollment,IPEDS_EF2022A,34734,IPEDS_EF2023A,35260,526
IPEDS-230764,230764,undergraduate,IPEDS_EF2022A,26355,IPEDS_EF2023A,26827,472
IPEDS-230764,230764,graduate,IPEDS_EF2022A,8379,IPEDS_EF2023A,8433,54
IPEDS-230764,230764,fullTime,IPEDS_EF2022A,28070,IPEDS_EF2023A,29283,1213
IPEDS-230764,230764,partTime,IPEDS_EF2022A,6664,IPEDS_EF2023A,5977,-687
IPEDS-234076,234076,totalEnrollment,IPEDS_EF2022A,26082,IPEDS_EF2023A,25924,-158
IPEDS-234076,234076,undergraduate,IPEDS_EF2022A,17444,IPEDS_EF2023A,17612,168
IPEDS-234076,234076,graduate,IPEDS_EF2022A,8638,IPEDS_EF2023A,8312,-326
IPEDS-234076,234076,fullTime,IPEDS_EF2022A,23248,IPEDS_EF2023A,23325,77
IPEDS-234076,234076,partTime,IPEDS_EF2022A,2834,IPEDS_EF2023A,2599,-235
IPEDS-233921,233921,totalEnrollment,IPEDS_EF2022A,38170,IPEDS_EF2023A,38294,124
IPEDS-233921,233921,undergraduate,IPEDS_EF2022A,30434,IPEDS_EF2023A,30504,70
IPEDS-233921,233921,graduate,IPEDS_EF2022A,7736,IPEDS_EF2023A,7790,54
IPEDS-233921,233921,fullTime,IPEDS_EF2022A,35282,IPEDS_EF2023A,35433,151
IPEDS-233921,233921,partTime,IPEDS_EF2022A,2888,IPEDS_EF2023A,2861,-27
